epoch,step,train_loss
2,49,12.89737606048584
4,99,12.306856155395508
