epoch,step,train_loss
2,49,2.9654111862182617
4,99,250.90121459960938
7,149,236.32638549804688
9,199,209.44692993164062
