epoch,step,train_loss
2,49,4.786896705627441
4,99,5.114681243896484
